{"0":{"0":[0.2,0.3333333333,0.5333333333,0.4666666667,0.5333333333,0.6,0.5333333333,0.6,0.7333333333,0.8666666667,0.8,0.7333333333]},"1":{"0":[0.3,0.3333333333,0.3333333333,0.2333333333,0.6333333333,0.5333333333,0.6333333333,0.6666666667,0.7666666667,0.6666666667,0.7333333333,0.8666666667]},"2":{"0":0.6666666667},"3":{"0":0.6666666667},"4":{"0":0.5},"5":{"0":0.15},"6":{"0":0.3},"7":{"0":3},"8":{"0":0.3}}